student_id,first_name,last_name,father_f_name,father_s_name,s_gender,s_mobile_1,s_mobile_2,s_age,student_dob,admission_date,class,s_house_no,s_street,s_area,s_pincode
230705,Aarav,Kapoor,Venkatesh,Kapoor,m,9875543209,9850542959,6,03-06-2016,03-11-2020,1,1-3-445/100/265,Hayathnagar Main Road,Hayathnagar,501505
230706,Ahmed,Khan,Sufiyan,Khan,m,9874543199,9849542949,7,12-02-2015,22-08-2022,1,1-3-409/118/319,Hitech City Road,Hitech City,500081
230707,Aishwarya,Deshmukh,Robert,Deshmukh,f,9873943193,9848942943,6,17-09-2016,07-11-2019,1,1-3-511/67/166,Raj Bhavan Road,Raj Bhavan Road,500082
230708,Ananya,Verma,Ravi,Verma,f,9873143185,9848142935,7,23-04-2015,06-05-2021,1,1-3-141/252/721,Santosh Nagar Road,Santosh Nagar,500059
230709,Arjun,Rana,Ramesh,Rana,m,9872443178,9847442928,6,06-12-2016,01-04-2018,1,1-3-283/181/508,Masab Tank Road,Masab Tank,500028
230710,Arnav,Gupta,Ram,Gupta,m,9871643170,9846642920,7,20-03-2015,03-06-2020,1,1-3-495/75/190,Nampally Main Road,Nampally,500001
230711,Aryan,Joshi,Srinivas,Joshi,m,9870943163,9845942913,6,25-08-2016,30-06-2019,1,1-3-461/92/241,Yousufguda Main Road,Yousufguda,500045
230712,Ava,Thompson,Jack,Thompson,f,9870343157,9845342907,7,02-02-2015,03-11-2020,1,1-3-147/249/712,Bowenpally Main Road,Bowenpally,500011
230713,Devansh,Sharma,Sameer,Sharma,m,9869143145,9844142895,6,07-09-2016,04-09-2018,1,1-3-229/208/589,Abids Road,Abids,500001
230714,Grace,Wilson,Sameer,Wilson,f,9867443128,9842442878,7,15-04-2015,19-06-2022,1,1-3-125/260/745,Chanda Nagar Road,Chanda Nagar,500050
230715,Ishita,Saxena,Raju,Saxena,f,9867243126,9842242876,6,21-11-2016,01-04-2018,1,1-3-251/197/556,Yousufguda Main Road,Yousufguda,500045
230716,Kabir,Desai,Rajesh,Desai,m,9866443118,9841442868,7,28-06-2015,03-06-2020,1,1-3-529/58/139,Alwal Main Road,Alwal,500010
230717,Kavya,Reddy,Raghav,Reddy,f,9865643110,9840642860,6,04-01-2016,12-10-2019,1,1-3-267/189/532,Barkatpura Main Road,Barkatpura,500027
230718,Meera,Mehta,Raghav,Mehta,f,9864343097,9839342847,7,12-08-2015,06-04-2022,1,1-3-349/148/409,Santosh Nagar Road,Santosh Nagar,500059
230719,Naima,Ali,Kareem,Ali,f,9863643090,9838642840,6,18-03-2016,26-07-2019,1,1-3-601/22/31,Gachibowli Road,Gachibowli,500032
230720,Navya,Patel,Raju,Patel,f,9863143085,9838142835,7,24-10-2015,01-09-2020,1,1-3-319/163/454,Hafeezpet Main Road,Hafeezpet,500049
230721,Nisha,Sharma,Deepak Sharma,Sharma,f,9861543069,9836542819,6,29-05-2016,12-11-2019,1,1-3-227/209/592,Hayathnagar Main Road,Hayathnagar,501505
230722,Priya,Chawla,Mohan,Chawla,f,9859443048,9834442798,7,06-12-2015,29-09-2021,1,1-3-565/40/85,Yousufguda Main Road,Yousufguda,500045
230723,Rishi,Malhotra,Krishna,Malhotra,m,9858643040,9833642790,6,13-07-2016,25-10-2018,1,1-3-381/132/361,Nampally Main Road,Nampally,500001
230724,Riya,Sharma,Sandeep,Sharma,f,9857843032,9832842782,7,20-02-2015,19-11-2020,1,1-3-225/210/595,Necklace Road,Necklace Road,500063
230701,Riyaan,Patel,Vivek,Patel,m,9856943023,9831942773,6,01-07-2016,27-08-2022,1,1-3-317/164/457,Raj Bhavan Road,Raj Bhavan Road,500082
230702,Rohan,Choudhury,Vishnu,Choudhury,m,9856143015,9831142765,7,10-09-2015,25-03-2020,1,1-3-551/47/106,Nizampet Road,Nizampet,500090
230725,Samuel,Davis,James,Davis,m,9855243006,9830242756,6,25-09-2016,12-10-2019,1,1-3-535/55/130,L.B. Nagar Main Road,L.B. Nagar,500074
230703,Siddharth,Singhania,Venkat,Singhania,m,9854943003,9829942753,6,15-04-2016,18-05-2020,1,1-3-169/238/679,Himayat Nagar Road,Himayat Nagar,500029
230704,Vihaan,Bhatia,Suresh,Bhatia,m,9853542989,9828542739,7,20-11-2015,04-09-2018,1,1-3-579/33/64,Somajiguda Main Road,Somajiguda,500082
230823,Aanya,Mehta,Gopal,Mehta,f,9876443218,9851442968,7,13-07-2015,03-08-2018,2,1-3-347/149/412,Nallakunta Main Road,Nallakunta,500044
230801,Aisha,Khan,Michael,Khan,f,9874243196,9849242946,7,01-07-2015,25-10-2018,2,1-3-407/119/322,Begumpet Road,Begumpet,500016
230824,Aishwarya,Chawla,Deepak,Chawla,f,9873843192,9848842942,8,20-02-2014,22-12-2019,2,1-3-563/41/88,Kondapur Main Road,Kondapur,500084
v230825,Ananya,Malhotra,Deepak,Malhotra,f,9873043184,9848042934,7,25-09-2015,15-08-2021,2,1-3-379/133/364,Masab Tank Road,Masab Tank,500028
230802,Arnav,Kapoor,Venkat,Kapoor,m,9871543169,9846542919,8,10-09-2014,05-09-2020,2,1-3-443/101/268,Dilsukhnagar Main Road,Dilsukhnagar,500060
230803,Aryan,Patel,Suresh,Patel,m,9870843162,9845842912,7,15-04-2015,12-10-2019,2,1-3-315/165/460,Abids Road,Abids,500001
230804,Avani,Choudhury,Srinivas,Choudhury,f,9870143155,9845142905,8,20-11-2014,14-02-2021,2,1-3-549/48/109,Uppal Main Road,Uppal,500039
230805,Devansh,Bhatia,Sandeep,Bhatia,m,9869043144,9844042894,7,03-06-2015,25-10-2018,2,1-3-577/34/67,Nizampet Main Road,Nizampet,500090
230806,Esha,Joshi,Sandeep,Joshi,f,9868143135,9843142885,8,12-02-2014,01-01-2021,2,1-3-459/93/244,Malakpet Main Road,Malakpet,500036
230807,Ethan,Thomas,Christopher,Thomas,m,9867743131,9842742881,7,17-09-2015,17-10-2021,2,1-3-151/247/706,Somajiguda Main Road,Somajiguda,500082
230808,Ishita,Deshmukh,Raju,Deshmukh,f,9867143125,9842142875,8,23-04-2014,16-09-2018,2,1-3-509/68/169,Hitech City Road,Hitech City,500081
230809,Kabir,Verma,Raju,Verma,m,9866343117,9841342867,7,06-12-2015,05-09-2020,2,1-3-139/253/724,Yousufguda Main Road,Yousufguda,500045
230810,Kavya,Rana,Rajesh,Rana,f,9865543109,9840542859,8,20-03-2014,25-12-2019,2,1-3-281/182/511,Gachibowli Road,Gachibowli,500032
230811,Navya,Mehta,Sameer,Mehta,f,9863043084,9838042834,7,25-08-2015,19-11-2020,2,1-3-345/150/415,Tarnaka Main Road,Tarnaka,500017
230812,Nikhil,Sharma,Ravi,Sharma,m,9862343077,9837342827,8,02-02-2014,10-04-2022,2,1-3-223/211/598,Gachibowli Road,Gachibowli,500032
230813,Nisha,Sharma,Ramesh,Sharma,f,9861443068,9836442818,7,07-09-2015,24-12-2019,2,1-3-221/212/601,Yousufguda Main Road,Yousufguda,500045
230814,Noah,Anderson,Daniel,Anderson,m,9860743061,9835742811,8,15-04-2014,21-11-2018,2,1-3-591/27/46,Himayat Nagar Road,Himayat Nagar,500029
230815,Olivia,Johnson,Smith,Johnson,f,9860143055,9835142805,7,21-11-2015,18-05-2020,2,1-3-467/89/232,Tolichowki Main Road,Tolichowki,500008
230816,Priya,Reddy,Vivek,Reddy,f,9859343047,9834342797,8,28-06-2014,08-12-2021,2,1-3-265/190/535,Tolichowki Main Road,Tolichowki,500008
230817,Rishi,Saxena,Raghav,Saxena,m,9858543039,9833542789,7,04-01-2015,15-05-2019,2,1-3-249/198/559,Kondapur Main Road,Kondapur,500084
230818,Riyaan,Agrawal,Prasad,Agrawal,m,9856843022,9831842772,8,12-08-2014,01-04-2018,2,1-3-623/11/3,Banjara Hills Road,Banjara Hills,500034
230819,Rohan,Desai,Mohan,Desai,m,9856043014,9831042764,7,18-03-2015,03-06-2020,2,1-3-527/59/142,Vanasthalipuram Main Road,Vanasthalipuram,500070
230820,Sophia,Martin,David,Martin,f,9854142995,9829142745,8,24-10-2014,08-12-2021,2,1-3-361/142/391,Kondapur Main Road,Kondapur,500084
230821,Vihaan,Sharma,Rohan,Sharma,m,9853442988,9828442738,7,29-05-2015,25-10-2018,2,1-3-219/213/604,Hafeezpet Main Road,Hafeezpet,500049
230822,Vikram,Khanna,Hassan,Khanna,m,9852642980,9827642730,8,06-12-2014,19-11-2020,2,1-3-397/124/337,Ameerpet Main Road,Ameerpet,500016
230923,Aanya,Kapoor,Vivek,Kapoor,f,9876343217,9851342967,8,13-07-2014,21-11-2018,3,1-3-441/102/271,L.B. Nagar Main Road,L.B. Nagar,500074
230922,Aarav,Kapoor,Rohan,Kapoor,m,9875443208,9850442958,9,06-12-2013,31-12-2020,3,1-3-439/103/274,Shamshabad Main Road,Shamshabad,501218
230921,Ahmed,Khan,Ibrahim,Khan,m,9874443198,9849442948,8,29-05-2014,11-03-2018,3,1-3-405/120/325,Abids Road,Abids,500001
230920,Aishwarya,Reddy,Sameer,Reddy,f,9873743191,9848742941,9,24-10-2013,14-03-2020,3,1-3-263/191/538,Somajiguda Main Road,Somajiguda,500082
230919,Arjun,Mehta,Sameer,Mehta,m,9872343177,9847342927,8,18-03-2014,16-09-2018,3,1-3-343/151/418,Uppal Main Road,Uppal,500039
230918,Arnav,Sharma,Sandeep,Sharma,m,9871443168,9846442918,9,12-08-2013,26-11-2020,3,1-3-217/214/607,Raj Bhavan Road,Raj Bhavan Road,500082
230917,Aryan,Joshi,Ravi,Joshi,m,9870743161,9845742911,8,04-01-2014,25-12-2019,3,1-3-457/94/247,Dilsukhnagar Main Road,Dilsukhnagar,500036
230916,Avani,Mehta,Krishna,Mehta,f,9870043154,9845042904,9,28-06-2013,02-05-2021,3,1-3-341/152/421,Yousufguda Main Road,Yousufguda,500045
230915,Devansh,Sharma,Mohan,Sharma,m,9868943143,9843942893,8,21-11-2014,15-05-2019,3,1-3-215/215/610,Shamshabad Main Road,Shamshabad,501218
230914,Esha,Sharma,Raju,Sharma,f,9868043134,9843042884,9,15-04-2013,23-02-2021,3,1-3-213/216/613,Toli Chowki Main Road,Toli Chowki,500008
230913,Kabir,Verma,Prasad,Verma,m,9866243116,9841242866,8,07-09-2014,26-11-2020,3,1-3-137/254/727,Kondapur Main Road,Kondapur,500084
230912,Kavya,Rana,Raghav,Rana,f,9865443108,9840442858,9,02-02-2013,07-03-2020,3,1-3-279/183/514,Mehdipatnam Road,Mehdipatnam,500028
230911,Meera,Gupta,Raghav,Gupta,f,9864243096,9839242846,8,25-08-2014,15-06-2022,3,1-3-493/76/193,Mehdipatnam Road,Mehdipatnam,500028
230910,Naima,Ali,Sufiyan,Ali,f,9863543089,9838542839,9,20-03-2013,07-11-2019,3,1-3-599/23/34,Madhapur Road,Madhapur,500081
230909,Nikhil,Agrawal,Ram,Agrawal,m,9862243076,9837242826,8,06-12-2014,19-06-2022,3,1-3-621/12/1,Necklace Road,Necklace Road,500063
230908,Nisha,Desai,Ramesh,Desai,f,9861343067,9836342817,9,23-04-2013,25-03-2020,3,1-3-525/60/145,Banjara Hills Road,Banjara Hills,500034
230907,Noah,Anderson,Derik,Anderson,m,9860643060,9835642810,8,17-09-2014,09-04-2019,3,1-3-589/28/49,Srinagar Colony Road,Srinagar Colony,500073
230906,Priya,Khanna,Vishnu,Khanna,f,9859243046,9834242796,9,12-02-2013,25-01-2022,3,1-3-395/125/340,Madhapur Road,Madhapur,500081
230905,Rishi,Chawla,Sandeep,Chawla,m,9858443038,9833442788,8,03-06-2014,26-07-2019,3,1-3-561/42/91,Santosh Nagar Road,Santosh Nagar,500059
230904,Riya,Patel,Venkat,Patel,f,9857743031,9832742781,9,20-11-2013,01-01-2021,3,1-3-313/166/463,Hitech City Road,Hitech City,500081
230925,Riyaan,Patel,Deepak,Patel,m,9856743021,9831742771,8,25-09-2014,16-09-2018,3,1-3-311/167/466,L.B. Nagar Main Road,L.B. Nagar,500074
230901,Siddharth,Singhania,Gopal,Singhania,m,9854843002,9829842752,8,01-07-2014,26-08-2020,3,1-3-167/239/682,Nampally Main Road,Nampally,500001
230903,Sophia,Martin,Christopher,Martin,f,9854042994,9829042744,8,15-04-2014,25-01-2022,3,1-3-359/143/394,Tolichowki Main Road,Tolichowki,500008
230924,Vikram,Bhatia,Venkatesh,Bhatia,m,9852542979,9827542729,9,20-02-2013,01-01-2021,3,1-3-575/35/70,Bowenpally Main Road,Bowenpally,500011
230902,Yusuf,Hussain,Mustafa,Hussain,m,9851942973,9826942723,9,10-09-2013,10-04-2022,3,1-3-473/86/223,Khairatabad Road,Khairatabad,500004
231024,Aanya,Agrawal,Raghav,Agrawal,f,9876243216,9851242966,10,20-02-2012,09-04-2019,4,1-3-619/13/4 ,Begumpet Road,Begumpet,500016
231023,Aarav,Malhotra,Krishna,Malhotra,m,9875343207,9850342957,9,13-07-2013,14-02-2021,4,1-3-377/134/367,Panjagutta Main Road,Panjagutta,500082
231001,Ahmed,Khan,Mustafa,Khan,m,9874343197,9849342947,9,01-07-2013,04-09-2018,4,1-3-403/121/328,Jubilee Hills Road,Jubilee Hills,500033
231025,Aishwarya,Patel,Deepak,Patel,f,9873643190,9848642940,9,25-09-2013,28-05-2020,4,1-3-309/168/469,Shamshabad Main Road,Shamshabad,501218
231002,Ananya,Choudhury,Srinivas,Choudhury,f,9872943183,9847942933,10,10-09-2012,17-10-2021,4,1-3-547/49/112,Chanda Nagar Road,Chanda Nagar,500050
231003,Arjun,Singhania,Sandeep,Singhania,m,9872243176,9847242926,9,15-04-2013,31-10-2018,4,1-3-165/240/685,Panjagutta Main Road,Panjagutta,500082
231004,Avani,Mehta,Sandeep,Mehta,f,9869943153,9844942903,10,20-11-2012,19-07-2021,4,1-3-339/153/424,Dilsukhnagar Main Road,Dilsukhnagar,500060
231005,Devansh,Sharma,Sanjay,Sharma,m,9868843142,9843842892,9,03-06-2013,26-07-2019,4,1-3-211/217/616,Banjara Hills Road,Banjara Hills,500034
231006,Ishita,Deshmukh,Ramesh,Deshmukh,f,9867043124,9842042874,10,12-02-2012,31-10-2018,4,1-3-507/69/172,Jubilee Hills Road,Jubilee Hills,500033
231007,Kabir,Verma,Ram,Verma,m,9866143115,9841142865,9,17-09-2013,15-02-2018,4,1-3-135/255/730,Saidabad Main Road,Saidabad,500059
231008,Layla,Hassan,Aryan,Hassan,f,9864943103,9839942853,10,23-04-2012,14-02-2021,4,1-3-481/82/211,Himayat Nagar Road,Himayat Nagar,500029
231009,Meera,Gupta,Rajesh,Gupta,f,9864143095,9839142845,9,06-12-2013,22-08-2022,4,1-3-491/77/196,Kukatpally Main Road,Kukatpally,500072
231010,Navya,Patel,Suresh,Patel,f,9862943083,9837942833,10,20-03-2012,01-01-2021,4,1-3-307/169/472,Banjara Hills Road,Banjara Hills,500034
231011,Nikhil,Kapoor,Vivek,Kapoor,m,9862143075,9837142825,9,25-08-2013,27-08-2022,4,1-3-437/104/277,Toli Chowki Main Road,Toli Chowki,500008
231012,Nisha,Kapoor,Vishnu,Kapoor,f,9861243066,9836242816,10,02-02-2012,03-06-2020,4,1-3-435/105/280,Nizampet Road,Nizampet,500090
231013,Noah,Anderson,Christopher,Anderson,m,9860543059,9835542809,9,07-09-2013,30-06-2019,4,1-3-587/29/52,Panjagutta Main Road,Panjagutta,500082
231014,Omar,Ahmad,Kareem,Ahmad,m,9859943053,9834942803,10,15-04-2012,03-11-2020,4,1-3-609/18/19,Ameerpet Main Road,Ameerpet,500016
231015,Rishi,Mehta,Venkatesh,Mehta,m,9858343037,9833342787,9,21-11-2013,07-11-2019,4,1-3-337/154/427,Attapur Main Road,Attapur,500048
231016,Riya,Sharma,Raju,Sharma,f,9857643030,9832642780,10,28-06-2012,23-02-2021,4,1-3-209/218/619,Vanasthalipuram Main Road,Vanasthalipuram,500070
231017,Rohan,Saxena,Raghav,Saxena,m,9855943013,9830942763,9,04-01-2013,05-09-2020,4,1-3-247/199/562,Malakpet Main Road,Malakpet,500036
231018,Safiya,Rahman,Ismail,Rahman,m,9855343007,9830342757,10,12-08-2012,30-06-2019,4,1-3-287/179/502,Ameerpet Main Road,Ameerpet,500016
231019,Siddharth,Desai,Prasad,Desai,m,9854743001,9829742751,9,18-03-2013,03-11-2020,4,1-3-523/61/148,Yousufguda Main Road,Yousufguda,500045
231020,Sophia,Martin,Daniel,Martin,f,9853942993,9828942743,10,24-10-2012,06-04-2022,4,1-3-357/144/397,Bowenpally Main Road,Bowenpally,500011
231021,Vihaan,Sharma,Gopal,Sharma,m,9853342987,9828342737,9,29-05-2013,15-05-2019,4,1-3-207/219/622,Nizampet Road,Nizampet,500090
231022,Vikram,Khanna,Deepak,Khanna,m,9852442978,9827442728,10,06-12-2012,23-02-2021,4,1-3-393/126/343,Necklace Road,Necklace Road,500063
231103,Aanya,Kapoor,Krishna,Kapoor,f,9876143215,9851142965,10,15-04-2012,30-06-2019,5,1-3-433/106/283,Tarnaka Main Road,Tarnaka,500017
231102,Aarav,Patel,Deepak,Patel,m,9875243206,9850242956,11,10-09-2011,02-05-2021,5,1-3-305/170/475,Toli Chowki Main Road,Toli Chowki,500008
231104,Aisha,Khan,Hassan,Khan,f,9874143195,9849142945,11,20-11-2011,15-05-2019,5,1-3-401/122/331,Jagathgiri Gutta Road,Jagathgiri Gutta,500055
231105,Aishwarya,Sharma,Venkatesh,Sharma,f,9873543189,9848542939,10,03-06-2012,01-09-2020,5,1-3-205/220/625,Gachibowli Road,Gachibowli,500032
231106,Arjun,Singhania,Deepak,Singhania,m,9872143175,9847142925,11,12-02-2011,22-05-2019,5,1-3-163/241/688,Masab Tank Road,Masab Tank,500028
231107,Avani,Mehta,Vivek,Mehta,f,9869843152,9844842902,10,17-09-2012,29-09-2021,5,1-3-335/155/430,Kompally Main Road,Kompally,500014
231108,Caleb,Smith,Daniel,Smith,m,9869343147,9844342897,11,23-04-2011,22-08-2022,5,1-3-155/245/700,Nizampet Main Road,Nizampet,500090
231109,Devansh,Reddy,Ravi,Reddy,m,9868743141,9843742891,10,06-12-2012,07-11-2019,5,1-3-261/192/541,Khairatabad Road,Khairatabad,500004
231110,Ishita,Deshmukh,Prasad,Deshmukh,f,9866943123,9841942873,11,20-03-2011,22-05-2019,5,1-3-505/70/175,Begumpet Road,Begumpet,500016
231111,Kabir,Verma,Raghav,Verma,m,9866043114,9841042864,10,25-08-2012,03-08-2018,5,1-3-133/256/733,Malakpet Main Road,Malakpet,500036
231112,Kavya,Rana,Raghu,Rana,f,9865343107,9840342857,11,02-02-2011,18-05-2020,5,1-3-277/184/517,Kukatpally Main Road,Kukatpally,500072
231113,Meera,Gupta,Raj,Gupta,f,9864043094,9839042844,10,07-09-2012,11-03-2018,5,1-3-489/78/199,Gachibowli Road,Gachibowli,500032
231114,Navya,Saxena,Raju,Saxena,f,9862843082,9837842832,11,15-04-2011,23-02-2021,5,1-3-245/200/565,Marredpally Main Road,Marredpally,500026
231115,Nikhil,Agrawal,Raju,Agrawal,m,9862043074,9837042824,10,21-11-2012,01-04-2018,5,1-3-617/14/7,Hitech City Road,Hitech City,500081
231116,Nisha,Desai,Ram,Desai,f,9861143065,9836142815,11,28-06-2011,05-09-2020,5,1-3-521/62/151,Abids Road,Abids,500001
231117,Noah,Anderson,Chris,Anderson,m,9860443058,9835442808,10,04-01-2012,12-10-2019,5,1-3-585/30/55,Basheer Bagh Road,Basheer Bagh,500029
231118,Priya,Sharma,Vishnu,Sharma,f,9859143045,9834142795,11,12-08-2011,06-04-2022,5,1-3-203/221/628,Madhapur Road,Madhapur,500081
231119,Rishi,Mehta,Sameer,Mehta,m,9858243036,9833242786,10,18-03-2012,22-12-2019,5,1-3-333/156/433,Chanda Nagar Road,Chanda Nagar,500050
231120,Riya,Sharma,Sameer,Sharma,f,9857543029,9832542779,11,24-10-2011,06-05-2021,5,1-3-201/222/631,Begumpet Road,Begumpet,500016
231121,Riyaan,Chawla,Sandeep,Chawla,m,9856643020,9831642770,10,29-05-2012,31-10-2018,5,1-3-559/43/94,Tarnaka Main Road,Tarnaka,500017
231122,Rohan,Malhotra,Sandeep,Malhotra,m,9855843012,9830842762,11,06-12-2011,26-11-2020,5,1-3-375/135/370,Barkatpura Main Road,Barkatpura,500027
231123,Siddharth,Patel,Suresh,Patel,m,9854643000,9829642750,10,13-07-2012,31-12-2020,5,1-3-303/171/478,Begumpet Road,Begumpet,500016
231124,Sophia,Martin,Matthew,Martin,f,9853842992,9828842742,11,20-02-2011,15-06-2022,5,1-3-355/145/400,Malakpet Main Road,Malakpet,500036
231101,Vihaan,Kapoor,Ramesh,Kapoor,m,9853242986,9828242736,10,01-07-2012,26-07-2019,5,1-3-431/107/286,Uppal Main Road,Uppal,500039
231125,Zaid,Malik,Abdul,Malik,m,9851742971,9826742721,10,25-09-2012,27-08-2022,5,1-3-365/140/385,Khairatabad Road,Khairatabad,500004
231224,Aanya,Choudhury,Vishnu,Choudhury,f,9876043214,9851042964,12,20-02-2010,12-10-2019,6,1-3-545/50/115,Attapur Main Road,Attapur,500048
231223,Aarav,Singhania,Venkatesh,Singhania,m,9875143205,9850142955,11,13-07-2011,19-07-2021,6,1-3-161/242/691,Barkatpura Main Road,Barkatpura,500027
231222,Ananya,Joshi,Venkat,Joshi,f,9872843182,9847842932,12,06-12-2010,05-01-2022,6,1-3-455/95/250,Saidabad Main Road,Saidabad,500059
231221,Arjun,Mehta,Suresh,Mehta,m,9872043174,9847042924,11,29-05-2011,02-08-2019,6,1-3-331/157/436,Hayathnagar Main Road,Hayathnagar,501505
231220,Aryan,Sharma,Sandeep,Sharma,m,9870643160,9845642910,12,24-10-2010,07-03-2020,6,1-3-199/223/634,SR Nagar Road,SR Nagar,500038
231219,Avani,Deshmukh,Sameer,Deshmukh,f,9869743151,9844742901,11,18-03-2011,08-12-2021,6,1-3-503/71/178,SR Nagar Road,SR Nagar,500038
231218,Benjamin,Clark,John,Clark,m,9869543149,9844542899,12,12-08-2010,06-04-2022,6,1-3-539/53/124,ECIL Main Road,ECIL,500062
231217,Devansh,Saxena,Raju,Saxena,m,9868643140,9843642890,11,04-01-2011,22-12-2019,6,1-3-243/201/568,Saidabad Main Road,Saidabad,500059
231216,Ishita,Agrawal,Raju,Agrawal,f,9866843122,9841842872,12,28-06-2010,02-08-2019,6,1-3-615/15/10,Jubilee Hills Road,Jubilee Hills,500033
231215,Kavya,Rana,Sameer,Rana,f,9865243106,9840242856,11,21-11-2011,26-08-2020,6,1-3-275/185/520,Basheer Bagh Road,Basheer Bagh,500029
231214,Meera,Gupta,Ravi,Gupta,f,9863943093,9838942843,12,15-04-2010,04-09-2018,6,1-3-487/79/202,Basheer Bagh Road,Basheer Bagh,500029
231213,Naima,Ali,Suleman,Ali,f,9863443088,9838442838,11,07-09-2011,22-12-2019,6,1-3-597/24/37,Masab Tank Road,Masab Tank,500028
231212,Navya,Reddy,Raghav,Reddy,f,9862743081,9837742831,12,02-02-2010,06-05-2021,6,1-3-259/193/544,Nizampet Main Road,Nizampet,500090
231211,Nikhil,Mehta,Prasad,Mehta,m,9861943073,9836942823,11,25-08-2011,16-09-2018,6,1-3-329/158/439,Saidabad Main Road,Saidabad,500059
231210,Nisha,Desai,Rajesh,Desai,f,9861043064,9836042814,12,20-03-2010,26-11-2020,6,1-3-519/63/154,Gachibowli Road,Gachibowli,500032
231209,Omar,Ahmad,Ismail,Ahmad,m,9859843052,9834842802,11,06-12-2011,31-12-2020,6,1-3-607/19/22,SR Nagar Road,SR Nagar,500038
231208,Priya,Sharma,Deepak,Sharma,f,9859043044,9834042794,12,23-04-2010,15-06-2022,6,1-3-197/224/637,Uppal Main Road,Uppal,500039
231207,Rishi,Khanna,Deepak,Khanna,m,9858143035,9833142785,11,17-09-2011,14-03-2020,6,1-3-391/127/346,Raj Bhavan Road,Raj Bhavan Road,500082
231206,Riya,Sharma,Krishna,Sharma,f,9857443028,9832442778,12,12-02-2010,15-08-2021,6,1-3-195/225/640,ECIL Main Road,ECIL,500062
231205,Riyaan,Chawla,Raghav,Chawla,m,9856543019,9831542769,11,03-06-2011,22-05-2019,6,1-3-557/44/97,Marredpally Main Road,Marredpally,500026
231204,Rohan,Malhotra,Ram,Malhotra,m,9855743011,9830742761,12,20-11-2010,15-02-2018,6,1-3-373/136/373,Srinagar Colony Road,Srinagar Colony,500073
231203,Siddharth,Patel,Srinivas,Patel,m,9854542999,9829542749,11,15-04-2011,14-02-2021,6,1-3-301/172/481,Jagathgiri Gutta Road,Jagathgiri Gutta,500055
231202,Sophia,Martin,Dan,Martin,f,9853742991,9828742741,12,10-09-2010,22-08-2022,6,1-3-353/146/403,Dilsukhnagar Main Road,Dilsukhnagar,500036
231225,Vihaan,Kapoor,Vivek,Kapoor,m,9853142985,9828142735,11,25-09-2011,07-11-2019,6,1-3-429/108/289,Vanasthalipuram Main Road,Vanasthalipuram,500070
231201,Vikram,Kapoor,Gopal,Kapoor,m,9852342977,9827342727,11,01-07-2011,06-05-2021,6,1-3-427/109/292,Santosh Nagar Road,Santosh Nagar,500059
231324,Aanya,Sharma,Deepak,Sharma,f,9875943213,9850942963,13,20-02-2009,25-12-2019,7,1-3-193/226/643,Chanda Nagar Road,Chanda Nagar,500050
231323,Aarav,Patel,Gopal,Patel,m,9875043204,9850042954,12,13-07-2010,29-09-2021,7,1-3-299/173/484,Yousufguda Main Road,Yousufguda,500045
231325,Aishwarya,Khanna,Raju,Khanna,f,9873443188,9848442938,12,25-09-2010,19-11-2020,7,1-3-389/128/349,Kukatpally Main Road,Kukatpally,500072
231301,Ananya,Choudhury,Venkatesh,Choudhury,f,9872743181,9847742931,12,01-07-2010,10-04-2022,7,1-3-543/51/118,Hayathnagar Main Road,Hayathnagar,501505
231302,Arjun,Kapoor,Sandeep,Kapoor,m,9871943173,9846942923,13,10-09-2009,12-11-2019,7,1-3-425/110/295,Chanda Nagar Road,Chanda Nagar,500050
231303,Arnav,Kapoor,Vivek,Kapoor,m,9871343167,9846342917,12,15-04-2010,15-02-2018,7,1-3-423/111/298,Yousufguda Main Road,Yousufguda,500045
231304,Aryan,Patel,Vivek,Patel,m,9870543159,9845542909,13,20-11-2009,18-05-2020,7,1-3-297/174/487,SR Nagar Road,SR Nagar,500038
231305,Ava,Thompson,William,Thompson,f,9870243156,9845242906,12,03-06-2010,31-12-2020,7,1-3-145/250/715,Dilsukhnagar Main Road,Dilsukhnagar,500036
231306,Caleb,Smith,Clark,Smith,m,9869243146,9844242896,13,12-02-2009,11-03-2018,7,1-3-153/246/703,Khairatabad Road,Khairatabad,500004
231307,Devansh,Sharma,Saurav,Sharma,m,9868543139,9843542889,12,17-09-2010,14-03-2020,7,1-3-191/227/646,Charminar Road,Charminar,500002
231308,Esha,Sharma,Ramesh,Sharma,f,9867943133,9842942883,13,23-04-2009,06-05-2021,7,1-3-189/228/649,Alwal Main Road,Alwal,500010
231309,Ethan,Thomas,David,Thomas,m,9867643130,9842642880,12,06-12-2010,05-01-2022,7,1-3-149/248/709,Tolichowki Main Road,Tolichowki,500008
231310,Ishita,Deshmukh,Rajesh,Deshmukh,f,9866743121,9841742871,13,20-03-2009,12-11-2019,7,1-3-501/72/181,Charminar Road,Charminar,500002
231311,Kabir,Verma,Raghava,Verma,m,9865943113,9840942863,12,25-08-2010,21-11-2018,7,1-3-131/257/736,Nallakunta Main Road,Nallakunta,500044
231312,Layla,Hassan,Nithik,Hassan,f,9864843102,9839842852,13,02-02-2009,02-05-2021,7,1-3-479/83/214,Lakdi ka Pul Road,Lakdi ka Pul,500004
231313,Naima,Ali,Ismail,Ali,f,9863343087,9838342837,12,07-09-2010,14-03-2020,7,1-3-595/25/40,Kukatpally Main Road,Kukatpally,500072
231314,Navya,Singhania,Venkat,Singhania,f,9862643080,9837642830,13,15-04-2009,15-08-2021,7,1-3-159/243/694,Srinagar Colony Road,Srinagar Colony,500073
231315,Nikhil,Bhatia,Suresh,Bhatia,m,9861843072,9836842822,12,21-11-2010,31-10-2018,7,1-3-573/36/73,Tolichowki Main Road,Tolichowki,500008
231316,Nisha,Joshi,Srinivas,Joshi,f,9860943063,9835942813,13,28-06-2009,15-02-2018,7,1-3-453/96/253,Marredpally Main Road,Marredpally,500026
231317,Omar,Ahmad,Khalid,Ahmad,m,9859743051,9834742801,12,04-01-2010,14-02-2021,7,1-3-605/20/25,Mehdipatnam Road,Mehdipatnam,500028
231318,Riya,Saxena,Mohan,Saxena,f,9857343027,9832342777,13,12-08-2009,17-10-2021,7,1-3-241/202/571,Dilsukhnagar Main Road,Dilsukhnagar,500036
231319,Rohan,Agrawal,Matthew,Agrawal,m,9855643010,9830642760,12,18-03-2010,03-08-2018,7,1-3-613/16/13,Abids Road,Abids,500001
231320,Siddharth,Desai,Krishna,Desai,m,9854442998,9829442748,13,24-10-2009,02-05-2021,7,1-3-517/64/157,Toli Chowki Main Road,Toli Chowki,500008
231321,Vihaan,Sharma,Sandeep,Sharma,m,9853042984,9828042734,12,29-05-2010,22-12-2019,7,1-3-187/229/652,Ameerpet Main Road,Ameerpet,500016
231322,Vikram,Malhotra,Raghav,Malhotra,m,9852242976,9827242726,13,06-12-2009,15-08-2021,7,1-3-371/137/376,Himayat Nagar Road,Himayat Nagar,500029
231404,Aanya,Bhatia,Venkatesh,Bhatia,f,9875843212,9850842962,14,20-11-2008,07-03-2020,8,1-3-571/37/76,Dilsukhnagar Main Road,Dilsukhnagar,500036
231403,Aarav,Patel,Vishnu,Patel,m,9874943203,9849942953,13,15-04-2009,08-12-2021,8,1-3-295/175/490,Necklace Road,Necklace Road,500063
231405,Aishwarya,Mehta,Suresh,Mehta,f,9873343187,9848342937,13,03-06-2009,01-01-2021,8,1-3-327/159/442,Nizampet Road,Nizampet,500090
231406,Arnav,Sharma,Saurav,Sharma,m,9871243166,9846242916,14,12-02-2008,03-08-2018,8,1-3-185/230/655,Mehdipatnam Road,Mehdipatnam,500028
231407,Avani,Sharma,Sandeep,Sharma,f,9869643150,9844642900,13,17-09-2009,25-01-2022,8,1-3-183/231/658,Kukatpally Main Road,Kukatpally,500072
231408,Devansh,Deshmukh,Sameer,Deshmukh,m,9868443138,9843442888,14,23-04-2008,28-05-2020,8,1-3-499/73/184,Ameerpet Main Road,Ameerpet,500016
231409,Esha,Verma,Sameer,Verma,f,9867843132,9842842882,13,06-12-2009,15-08-2021,8,1-3-129/258/739,Tarnaka Main Road,Tarnaka,500017
231410,Ishita,Rana,Ravi,Rana,f,9866643120,9841642870,14,20-03-2008,24-12-2019,8,1-3-273/186/523,Nampally Main Road,Nampally,500001
231411,Kabir,Hassan,Ramesh,Hassan,m,9865843112,9840842862,13,25-08-2009,09-04-2019,8,1-3-477/84/217,Srinagar Colony Road,Srinagar Colony,500073
231412,Kavya,Gupta,Raju,Gupta,f,9865143105,9840142855,14,02-02-2008,03-11-2020,8,1-3-485/80/205,Masab Tank Road,Masab Tank,500028
231413,Layla,Saxena,Raju,Saxena,f,9864743101,9839742851,13,07-09-2009,19-07-2021,8,1-3-239/203/574,Santosh Nagar Road,Santosh Nagar,500059
231414,Meera,Desai,Rajesh,Desai,f,9863843092,9838842842,14,15-04-2008,25-10-2018,8,1-3-515/65/160,Hafeezpet Main Road,Hafeezpet,500049
231415,Navya,Reddy,Deepak,Reddy,f,9862543079,9837542829,13,21-11-2009,17-10-2021,8,1-3-257/194/547,Lakdi ka Pul Road,Lakdi ka Pul,500004
231416,Nisha,Sharma,Krishna,Sharma,f,9860843062,9835842812,14,28-06-2008,03-08-2018,8,1-3-181/232/661,Kompally Main Road,Kompally,500014
231417,Olivia,Johnson,Michael,Johnson,f,9860043054,9835042804,13,04-01-2009,26-08-2020,8,1-3-465/90/235,Bowenpally Main Road,Bowenpally,500011
231418,Omar,Ahmad,Ibrahim,Ahmad,m,9859643050,9834642800,14,12-08-2008,02-05-2021,8,1-3-603/21/28,Raj Bhavan Road,Raj Bhavan Road,500082
231419,Priya,Sharma,Gopal,Sharma,f,9858943043,9833942793,13,18-03-2009,22-08-2022,8,1-3-179/233/664,Attapur Main Road,Attapur,500048
231420,Riya,Khanna,Deepak,Khanna,f,9857243026,9832242776,14,24-10-2008,05-01-2022,8,1-3-387/129/352,SR Nagar Road,SR Nagar,500038
231421,Riyaan,Chawla,Karan,Chawla,m,9856443018,9831442768,13,29-05-2009,02-08-2019,8,1-3-555/45/100,Nallakunta Main Road,Nallakunta,500044
231422,Rohan,Malhotra,Mohan,Malhotra,m,9855543009,9830542759,14,06-12-2008,21-11-2018,8,1-3-369/138/379,Basheer Bagh Road,Basheer Bagh,500029
231423,Samuel,Davis,Jakob,Davis,m,9855143005,9830142755,13,13-07-2009,25-12-2019,8,1-3-533/56/133,Shamshabad Main Road,Shamshabad,501218
231424,Siddharth,Patel,Raghav,Patel,m,9854342997,9829342747,14,20-02-2008,19-07-2021,8,1-3-293/176/493,Gachibowli Road,Gachibowli,500032
231401,Vihaan,Kapoor,Vinay,Kapoor,m,9852942983,9827942733,13,01-07-2009,14-03-2020,8,1-3-421/112/301,Alwal Main Road,Alwal,500010
231402,Vikram,Kapoor,Vivek,Kapoor,m,9852142975,9827142725,14,10-09-2008,17-10-2021,8,1-3-419/113/304,Gachibowli Road,Gachibowli,500032
231425,Yusuf,Hussain,Ismail,Hussain,m,9851842972,9826842722,13,25-09-2009,19-06-2022,8,1-3-471/87/226,Nizampet Main Road,Nizampet,500090
231502,Aanya,Kapoor,Vishnu,Kapoor,f,9875743211,9850742961,15,10-09-2007,18-05-2020,9,1-3-417/114/307,Attapur Main Road,Attapur,500048
231501,Aarav,Kapoor,Vivek,Kapoor,m,9874843202,9849842952,14,01-07-2008,25-01-2022,9,1-3-415/115/310,Hafeezpet Main Road,Hafeezpet,500049
231503,Aishwarya,Patel,Venkatesh,Patel,f,9873243186,9848242936,14,15-04-2008,23-02-2021,9,1-3-291/177/496,Jubilee Hills Road,Jubilee Hills,500033
231504,Ananya,Choudhury,Venkat,Choudhury,f,9872643180,9847642930,15,20-11-2007,19-06-2022,9,1-3-541/52/121,Dilsukhnagar Main Road,Dilsukhnagar,500060
231505,Arjun,Singhania,Sanjay,Singhania,m,9871843172,9846842922,14,03-06-2008,24-12-2019,9,1-3-157/244/697,Lakdi ka Pul Road,Lakdi ka Pul,500004
231506,Arnav,Bhatia,Srinivas,Bhatia,m,9871143165,9846142915,15,12-02-2007,21-11-2018,9,1-3-569/38/79,Khairatabad Road,Khairatabad,500004
231507,Aryan,Joshi,Sandeep ,Joshi,m,9870443158,9845442908,14,17-09-2008,26-08-2020,9,1-3-451/97/256,Nallakunta Main Road,Nallakunta,500044
231508,Benjamin,Clark,Jacob,Clark,m,9869443148,9844442898,15,23-04-2007,15-06-2022,9,1-3-537/54/127,Kompally Main Road,Kompally,500014
231509,Devansh,Sharma,Sahith,Sharma,m,9868343137,9843342887,14,06-12-2008,01-09-2020,9,1-3-177/234/667,Hitech City Road,Hitech City,500081
231510,Kavya,Rana,Ravi,Rana,f,9865043104,9840042854,15,20-03-2007,31-12-2020,9,1-3-271/187/526,Panjagutta Main Road,Panjagutta,500082
231511,Layla,Hassan,Ramesh,Hassan,f,9864643100,9839642850,14,25-08-2008,29-09-2021,9,1-3-475/85/220,Barkatpura Main Road,Barkatpura,500027
231512,Meera,Gupta,Ram,Gupta,f,9863743091,9838742841,15,02-02-2007,15-05-2019,9,1-3-483/81/208,Panjagutta Main Road,Panjagutta,500082
231513,Naima,Ali,Khalid,Ali,f,9863243086,9838242836,14,07-09-2008,28-05-2020,9,1-3-593/26/43,Nampally Main Road,Nampally,500001
231514,Navya,Saxena,Rajesh,Saxena,f,9862443078,9837442828,15,15-04-2007,05-01-2022,9,1-3-237/204/577,Nallakunta Main Road,Nallakunta,500044
231515,Nikhil,Agrawal,Raghav,Agrawal,m,9861743071,9836742821,14,21-11-2008,22-05-2019,9,1-3-611/17/16,Charminar Road,Charminar,500002
231516,Noah,Anderson,Jackob,Anderson,m,9860343057,9835342807,15,28-06-2007,25-12-2019,9,1-3-583/31/58,Lakdi ka Pul Road,Lakdi ka Pul,500004
231517,Priya,Reddy,Mohan,Reddy,f,9858843042,9833842792,14,04-01-2008,11-03-2018,9,1-3-255/195/550,Himayat Nagar Road,Himayat Nagar,500029
231518,Rishi,Mehta,Krishna,Mehta,m,9858043034,9833042784,15,12-08-2007,28-05-2020,9,1-3-325/160/445,Marredpally Main Road,Marredpally,500026
231519,Riya,Sharma,Sanjay,Sharma,f,9857143025,9832142775,14,18-03-2008,10-04-2022,9,1-3-175/235/670,Jubilee Hills Road,Jubilee Hills,500033
231520,Riyaan,Chawla,Kareem,Chawla,m,9856343017,9831342767,15,24-10-2007,12-11-2019,9,1-3-553/46/103,Malakpet Main Road,Malakpet,500036
231521,Rohan,Malhotra,Prasad,Malhotra,m,9855443008,9830442758,14,29-05-2008,09-04-2019,9,1-3-367/139/382,Lakdi ka Pul Road,Lakdi ka Pul,500004
231522,Siddharth,Patel,Gopal,Patel,m,9854242996,9829242746,15,06-12-2007,29-09-2021,9,1-3-289/178/499,Alwal Main Road,Alwal,500010
231523,Vihaan,Sharma,Deepak,Sharma,m,9852842982,9827842732,14,13-07-2008,28-05-2020,9,1-3-173/236/673,Dilsukhnagar Main Road,Dilsukhnagar,500060
231524,Vikram,Khanna,Raju,Khanna,m,9852042974,9827042724,15,20-02-2007,05-01-2022,9,1-3-385/130/355,Gachibowli Road,Gachibowli,500032
231525,Zaid,Malik,Abdullah,Malik,m,9851642970,9826642720,14,25-09-2008,01-04-2018,9,1-3-363/141/388,Somajiguda Main Road,Somajiguda,500082
231604,Aanya,Khanna,Raghav,Khanna,f,9876443219,9851442969,16,20-11-2006,15-02-2018,10,1-3-399/123/334,Mehdipatnam Road,Mehdipatnam,500028
231623,Aarav,Sharma,Deepak,Sharma,m,9875643210,9850642960,15,13-07-2007,26-08-2020,10,1-3-235/205/580,Tarnaka Main Road,Tarnaka,500017
231601,Aariz,Khan,Mustafa,Khan,m,9874743201,9849742951,15,01-07-2007,06-04-2022,10,1-3-413/116/313,Charminar Road,Charminar,500002
231616,Ahmed,Khan,Ishaq,Khan,m,9874643200,9849642950,16,28-06-2006,15-06-2022,10,1-3-411/117/316,Banjara Hills Road,Banjara Hills,500034
231624,Aishwarya,Patel,Venkat,Patel,f,9874043194,9849042944,16,20-02-2006,26-07-2019,10,1-3-323/161/448,Charminar Road,Charminar,500002
231609,Arjun,Singhania,Suresh,Singhania,m,9872543179,9847542929,15,06-12-2007,27-08-2022,10,1-3-171/237/676,Basheer Bagh Road,Basheer Bagh,500029
231620,Arnav,Bhatia,Sandeep,Bhatia,m,9871743171,9846742921,16,24-10-2006,25-03-2020,10,1-3-581/32/61,Barkatpura Main Road,Barkatpura,500027
231612,Aryan,Kapoor,Vivek,Kapoor,m,9871043164,9846042914,16,02-02-2006,09-04-2019,10,1-3-449/98/259,ECIL Main Road,ECIL,500062
231605,Esha,Kapoor,Vivek,Kapoor,f,9868243136,9843242886,15,03-06-2007,19-11-2020,10,1-3-447/99/262,Kompally Main Road,Kompally,500014
231602,Grace,Wilson,Robert,Wilson,f,9867543129,9842542879,16,10-09-2006,10-04-2022,10,1-3-127/259/742,Uppal Main Road,Uppal,500039
231613,Ishita,Deshmukh,Ravi,Deshmukh,f,9867343127,9842342877,15,07-09-2007,27-08-2022,10,1-3-513/66/163,Necklace Road,Necklace Road,500063
231621,Kabir,Joshi,Sandeep,Joshi,m,9866543119,9841542869,15,29-05-2007,25-03-2020,10,1-3-463/91/238,Kondapur Main Road,Kondapur,500084
231625,Kavya,Sharma,Sameer,Sharma,f,9865743111,9840742861,15,25-09-2007,30-06-2019,10,1-3-233/206/583,Jagathgiri Gutta Road,Jagathgiri Gutta,500055
231617,Lily,Roberts,Michael,Roberts,f,9864543099,9839542849,15,04-01-2007,08-12-2021,10,1-3-253/196/553,Bowenpally Main Road,Bowenpally,500011
231606,Meera,Verma,Ram,Verma,f,9864443098,9839442848,16,12-02-2006,25-01-2022,10,1-3-143/251/718,Marredpally Main Road,Marredpally,500026
231618,Nisha,Rana,Ramesh,Rana,f,9861643070,9836642820,16,12-08-2006,02-08-2019,10,1-3-285/180/505,Madhapur Road,Madhapur,500081
231610,Olivia,Johnson,Charles,Johnson,f,9860243056,9835242806,16,20-03-2006,07-03-2020,10,1-3-469/88/229,Somajiguda Main Road,Somajiguda,500082
231622,Priya,Gupta,Raju,Gupta,f,9859543049,9834542799,16,06-12-2006,19-07-2021,10,1-3-497/74/187,Madhapur Road,Madhapur,500081
231614,Rishi,Desai,Raju,Desai,m,9858743041,9833742791,16,15-04-2006,04-09-2018,10,1-3-531/57/136,Jagathgiri Gutta Road,Jagathgiri Gutta,500055
231607,Riya,Reddy,Raghav,Reddy,f,9857943033,9832942783,15,17-09-2007,01-09-2020,10,1-3-269/188/529,Srinagar Colony Road,Srinagar Colony,500073
231603,Riyaan,Mehta,Vishnu,Mehta,m,9857043024,9832042774,15,15-04-2007,19-06-2022,10,1-3-351/147/406,ECIL Main Road,ECIL,500062
231608,Rohan,Sharma,Mohan,Sharma,m,9856243016,9831242766,16,23-04-2006,24-12-2019,10,1-3-231/207/586,L.B. Nagar Main Road,L.B. Nagar,500074
231619,Siddharth,Chawla,Sameer,Chawla,m,9855043004,9830042754,15,18-03-2007,07-03-2020,10,1-3-567/39/82,Saidabad Main Road,Saidabad,500059
231611,Vihaan,Malhotra,Venkatesh,Malhotra,m,9853642990,9828642740,15,25-08-2007,11-03-2018,10,1-3-383/131/358,Nizampet Main Road,Nizampet,500090
231615,Vikram,Patel,Gopal,Patel,m,9852742981,9827742731,15,21-11-2007,01-09-2020,10,1-3-321/162/451,Vanasthalipuram Main Road,Vanasthalipuram,500070
